{"cameraMode":{"drawMode":0,"name":"Shaded","section":"Shading Mode"},"sceneLighting":true,"audioPlay":false,"sceneViewState":{"m_AlwaysRefresh":false,"showFog":true,"showSkybox":true,"showFlares":true,"showImageEffects":true,"showParticleSystems":true,"showVisualEffectGraphs":true,"m_FxEnabled":true},"in2DMode":false,"pivot":{"x":-1.656934380531311,"y":0.48412609100341799,"z":-2.948920965194702},"rotation":{"x":-0.15663035213947297,"y":-0.37007081508636477,"z":0.06345298886299133,"w":-0.9135066866874695},"size":1.5540426969528199,"orthographic":false}