{"cameraMode":{"drawMode":0,"name":"Shaded","section":"Shading Mode"},"sceneLighting":true,"audioPlay":false,"sceneViewState":{"m_AlwaysRefresh":false,"showFog":true,"showSkybox":true,"showFlares":true,"showImageEffects":true,"showParticleSystems":true,"showVisualEffectGraphs":true,"m_FxEnabled":true},"in2DMode":false,"pivot":{"x":11.048778533935547,"y":-2.3677420616149904,"z":-26.085487365722658},"rotation":{"x":-0.02405589073896408,"y":0.9743704199790955,"z":-0.1836620271205902,"w":-0.12758226692676545},"size":10.08491325378418,"orthographic":false}