{"cameraMode":{"drawMode":0,"name":"Shaded","section":"Shading Mode"},"sceneLighting":true,"audioPlay":false,"sceneViewState":{"m_AlwaysRefresh":false,"showFog":true,"showSkybox":true,"showFlares":true,"showImageEffects":true,"showParticleSystems":true,"showVisualEffectGraphs":true,"m_FxEnabled":true},"in2DMode":false,"pivot":{"x":46.90054702758789,"y":-0.8498294353485107,"z":-23.33393669128418},"rotation":{"x":-0.015314198099076748,"y":-0.7761495113372803,"z":0.018874019384384157,"w":-0.6300784349441528},"size":30.13731575012207,"orthographic":false}